dataset,model,epochs,best_val_acc,best_val_loss,test_acc,test_loss
HCPAge,MBPGNN,10,0.514018691588785,0.0,0.40375586854460094,0.27850158085845444
HCPAge,GCNConv,10,0.4672897196261682,0.0,0.4413145539906103,0.2788970837011024
HCPAge,GraphConv,10,0.411214953271028,0.0,0.460093896713615,0.2753818155454358
HCPTask,MBPGNN,10,0.7288590604026846,0.0,0.7132303559435863,0.4561994963640171
HCPTask,GCNConv,10,0.6026845637583893,0.0,0.5815983881799865,0.44505767569276133
HCPTask,GraphConv,10,0.6,0.0,0.6138347884486233,0.43838698692654826
